month,description,creator(s),image_url
COVER,Cover,vhisz,https://i.redd.it/wmdrewumi9761.png
JANUARY,Banner,Fuzily,https://i.redd.it/mrk4hr0di9761.png
FEBRUARY,Banner,RC-3227,https://i.redd.it/ll69fu0di9761.png
MARCH,Banner,KoopaOxid,https://i.redd.it/63jxhi0di9761.png
APRIL,Banner,sneezingsuspense,https://i.redd.it/cx5spt0di9761.png
MAY,Banner,Prussianblue44,https://i.redd.it/vvh6fk0di9761.png
JUNE,Banner,Norwegian_NoiseMaker,https://i.redd.it/o9n8g71di9761.png
JULY,Banner,vhisz,https://i.redd.it/zpc8om0di9761.png
AUGUST,Banner,Duruarute,https://i.redd.it/7qoe7j0di9761.png
SEPTEMBER,Banner,vhisz,https://i.redd.it/k2zzan0di9761.png
OCTOBER,Banner,Fuzily,https://i.redd.it/s7bm6r0di9761.png
NOVEMBER,Banner,easternjellyfish,https://i.redd.it/tde4ky0di9761.png
DECEMBER,Banner,Katalpa,https://i.redd.it/r19a6v0di9761.png
